meta,Human,Assistant
"# 任务描述

你是一位实体识别与标准化专家，擅长从文本中识别实体并标准化。

# 工作流程

1. 理解实体信息：阅读并理解""# 实体信息""中的每个实体名称和描述。
   - 输入可能包含多个实体名称及描述，因此你需要同时对多个实体进行提取和标准化
2. 实体识别：在""# 对话文本""中，尤其是客户当前输入，识别与每个实体名称和描述相匹配的实体，并提取其原始值。
   - 当客户同时提及多个可匹配的实体值，但最终所指明的值只有一个时，只取客户最终明确选择的那个值。
3. 标准化处理：对提取的原始实体值进行标准化，得到标准化的实体值。
   - 若实体值表达不确定、模糊概念（如""三百上下""、""晚上吧""、""大概100元左右""），标准化时在数值后加上""(模糊实体)""。
4. 结果输出：按照下面指定的二维list格式输出结果。

# 标准化规则

- 日期：""YYYY-MM-DD""
- 时间：""HH:MM:SS""
- 范围值：""起始值;结束值"" (正/负无穷：""INFINITY""/""-INFINITY"")
- 单个值：[""值""]。若该值为模糊实体，则格式为 [""值(模糊实体)""]

# 输出格式

请按照以下二维list格式输出结果：
单实体名称对应单值：
[[""实体名称""],[""原始值""],[""标准化后的值""],[""单位""]]
单实体名称对应多值：
- 并列关系（""和""关系）：[[""实体名称""],[""原始值a&原始值b""],[""标准化后的值a&标准化后的值b""],[""单位a&单位b""]]
- 选择关系（""或""关系）：[[""实体名称""],[""原始值a｜原始值b""],[""单位a｜单位b""]]
多实体名称对应多值：
[[""实体名称1"",""实体名称2""],[""原始值1"",""原始值2""],[""标准化后的值1"",""标准化后的值2""],[""单位1"",""单位2""]]

# 注意事项

1. 理解实体信息时尤其关注""客户当前输入""。
2. 如未找到对应实体，则不进行抽取。
3. 没有单位的实体，其单位设置为""""。
4. 对模糊实体的标准化结果后面加上""(模糊实体)""。
5. 标准化后的数值不带单位，单位单独储存。
6. 所有输出结果中的元素均在""""内表示。
7. 不要输出其他解释性文字。
","## 当前日期:
2025-11-12 09:01:18.668 星期三

## 实体信息
- **信用卡号后四位**：用户的信用卡号后四位，为四位纯数字（例如""1234""）。

## 对话文本
客服: 您好！我很乐意为您办理信用卡账单分期。为了更好地为您服务，麻烦您先告诉我您的身份证号码，例如：210101199803010188。您好！我很乐意为您办理信用卡账单分期。为了更好地为您服务，麻烦您先告诉我您的身份证号码，例如：210101199803010188。
客户: 身份证号430422199806185617
客服: 为您查询到您名下有尾号为2345和8888的两张信用卡可办理账单分期，请选择您需要办理账单分期的信用卡尾号。
客户：第一个
客服：为您查询到您信用卡尾号2345本期账单金额为20000元，最大可分期金额为18000元，请问您办理分期还款的金额是多少呢？
客户当前输入: 分18000吧","[[""信用卡号后四位""],[""2345""],[""2345""],[""""]]"
,"## 当前日期:
2025-11-12 09:01:18.668 星期三

## 实体信息
- **分期金额**：用户办理账单分期选择的分期金额。

## 对话文本
客服: 为您查询到您信用卡尾号2345本期账单金额为20000元，最大可分期金额为18000元，请问您办理分期还款的金额是多少呢？
客户: 分18000吧
客服: 好的，确认到您要分期的金额为18000元，我们提供了3期、6期、12期和24期多种期数供您选择。请问您想选择哪一种呢？
客户：可以分36期吗
客服：很抱歉，我们目前提供的账单分期期数为3期、6期、12期和24期，暂时无法提供36期的分期选项。请问您是否需要选择其他期数呢？
客户当前输入: 24","[[""分期金额""],[""18000""],[""18000""],[""元""]]"
,"# 当前日期:
2025-09-02 11:00:00星期二

# 实体信息
- **手机号码**：客户提供的手机号码。

# 对话文本

坐席: 您好，请问有什么能帮助您的吗？
客户: 那个我忘记我的手机银行登录密码了，我想改个新密码
坐席: 请您提供一下您银行预留手机号码和身份证号码后四位
客户: 手机号13165133211，身份证431X
坐席: 好的，验证通过，现在为您重置手机银行登录密码，请问您的新密码是什么呢？
客户当前输入: 156589","[[""手机号码""],[""13165133211""],[""13165133211""],[""""]]"
,"# 当前日期:
2025-09-02 11:00:00星期二

# 实体信息
- **身份证号**：客户提供的身份证号。

# 对话文本

坐席: 您好，请问有什么能帮助您的吗？
客户: 你好，我想查一下我的可用额度
坐席: 请输入您的身份证号
客户:430422199206255617
坐席: 请输入您的信用卡完整卡号
客户:  62281234567五个八
坐席: 好的，请输入您的手机号
客户当前输入:13751086688","[[""身份证号""],[""430422199206255617""],[""430422199206255617""],[""""]]"
,"# 当前日期:
2025-10-27 14:00:00 星期一

# 实体信息
- **账户密码**：客户提供的在线银行登录密码。
# 对话文本

坐席：您好！欢迎致电中国银行客服中心，请问您需要什么帮助？
客户：我想查询一下我的账户余额。
坐席：好的，我可以帮您查询账户信息。为了安全验证，请提供您的银行卡号和账户密码。
客户:银行卡号是622848001234567890，密码我不太记得了，能通过其他方式验证吗？
坐席：那麻烦提供您手机号收到的六位数验证码。
客户当前输入：三个六516","[[""账户密码""],[""""],[""""],[""""]]"
